-- phpMyAdmin SQL Dump
-- version 5.0.2
-- https://www.phpmyadmin.net/
--
-- Host: 127.0.0.1
-- Generation Time: Dec 31, 2022 at 06:40 AM
-- Server version: 10.4.14-MariaDB
-- PHP Version: 7.4.10

SET SQL_MODE = "NO_AUTO_VALUE_ON_ZERO";
START TRANSACTION;
SET time_zone = "+00:00";


/*!40101 SET @OLD_CHARACTER_SET_CLIENT=@@CHARACTER_SET_CLIENT */;
/*!40101 SET @OLD_CHARACTER_SET_RESULTS=@@CHARACTER_SET_RESULTS */;
/*!40101 SET @OLD_COLLATION_CONNECTION=@@COLLATION_CONNECTION */;
/*!40101 SET NAMES utf8mb4 */;

--
-- Database: `amjaad`
--

-- --------------------------------------------------------

--
-- Table structure for table `bills`
--

CREATE TABLE `bills` (
  `id` int(11) NOT NULL,
  `supervisor_id` bigint(20) UNSIGNED NOT NULL,
  `contract_id` int(11) NOT NULL,
  `company_id` int(11) NOT NULL,
  `type` varchar(255) NOT NULL DEFAULT 'executed',
  `date` date NOT NULL,
  `time` time NOT NULL,
  `notes` text DEFAULT NULL,
  `status` varchar(255) NOT NULL DEFAULT 'done',
  `payment_status` varchar(255) NOT NULL DEFAULT 'unpaid',
  `discount_percent` varchar(255) NOT NULL,
  `discount_total` varchar(255) NOT NULL,
  `total_before_discount` varchar(255) NOT NULL,
  `total_after_discount` varchar(255) NOT NULL,
  `vat_total` varchar(255) NOT NULL,
  `final_total` varchar(255) NOT NULL,
  `paid` varchar(255) NOT NULL,
  `rest` varchar(255) NOT NULL,
  `unit_price` varchar(255) NOT NULL,
  `created_at` timestamp NOT NULL DEFAULT current_timestamp(),
  `updated_at` timestamp NOT NULL DEFAULT current_timestamp()
) ENGINE=InnoDB DEFAULT CHARSET=utf8mb4;

--
-- Dumping data for table `bills`
--

INSERT INTO `bills` (`id`, `supervisor_id`, `contract_id`, `company_id`, `type`, `date`, `time`, `notes`, `status`, `payment_status`, `discount_percent`, `discount_total`, `total_before_discount`, `total_after_discount`, `vat_total`, `final_total`, `paid`, `rest`, `unit_price`, `created_at`, `updated_at`) VALUES
(1, 1, 1, 14, 'executed', '2022-12-24', '18:12:41', NULL, 'done', 'unpaid', '0', '0', '400', '400', '60', '460', '0', '460', '200', '2022-12-24 18:13:46', '2022-12-24 18:14:08'),
(2, 1, 2, 40, 'executed', '2022-12-25', '21:00:40', NULL, 'done', 'totally paid', '0', '0', '330.43', '330.43', '49.56', '379.99', '380', '-0.01', '330.43', '2022-12-25 21:05:01', '2022-12-25 21:05:01'),
(3, 1, 3, 41, 'executed', '2022-12-25', '21:33:28', NULL, 'done', 'totally paid', '0', '0', '626.08', '626.08', '93.91', '719.99', '720', '-0.01', '313.04', '2022-12-25 21:37:22', '2022-12-25 21:37:22'),
(4, 1, 4, 42, 'executed', '2022-12-31', '21:49:46', NULL, 'done', 'partially paid', '0', '0', '330.44', '330.44', '49.57', '380.01', '380', '0.01', '330.44', '2022-12-25 21:51:04', '2022-12-25 21:51:04'),
(5, 1, 5, 43, 'unexecuted', '2022-12-26', '11:31:17', NULL, 'done', 'totally paid', '0', '0', '800', '800', '120', '920', '920', '0', '200', '2022-12-26 11:32:58', '2022-12-26 11:32:59'),
(6, 1, 6, 44, 'executed', '2022-12-26', '17:07:05', NULL, 'done', 'partially paid', '0', '0', '330.44', '330.44', '49.57', '380.01', '380', '0.01', '330.44', '2022-12-26 17:08:50', '2022-12-26 17:08:50'),
(7, 1, 7, 45, 'executed', '2022-12-26', '17:10:56', NULL, 'done', 'partially paid', '0', '0', '330.44', '330.44', '49.57', '380.01', '380', '0.01', '330.44', '2022-12-26 17:12:33', '2022-12-26 17:12:33'),
(8, 1, 8, 41, 'executed', '2022-12-26', '17:20:29', NULL, 'done', 'totally paid', '0', '0', '939.12', '939.12', '140.87', '1079.99', '1080', '-0.01', '313.04', '2022-12-26 17:23:14', '2022-12-26 17:23:14'),
(9, 1, 9, 47, 'executed', '2022-12-26', '18:00:00', NULL, 'done', 'partially paid', '0', '0', '330.44', '330.44', '49.57', '380.01', '380', '0.01', '330.44', '2022-12-26 18:01:48', '2022-12-26 18:01:48'),
(10, 1, 10, 48, 'executed', '2022-12-26', '18:08:50', NULL, 'done', 'partially paid', '0', '0', '330.44', '330.44', '49.57', '380.01', '380', '0.01', '330.44', '2022-12-26 18:09:47', '2022-12-26 18:09:47'),
(11, 1, 11, 56, 'executed', '2022-12-26', '18:11:32', NULL, 'done', 'partially paid', '0', '0', '330.44', '330.44', '49.57', '380.01', '380', '0.01', '330.44', '2022-12-26 18:12:42', '2022-12-26 18:12:42'),
(12, 1, 12, 49, 'executed', '2022-12-26', '18:13:49', NULL, 'done', 'partially paid', '0', '0', '330.44', '330.44', '49.57', '380.01', '380', '0.01', '330.44', '2022-12-26 18:14:58', '2022-12-26 18:14:58'),
(13, 1, 13, 50, 'executed', '2022-12-26', '18:15:53', NULL, 'done', 'partially paid', '0', '0', '330.44', '330.44', '49.57', '380.01', '380', '0.01', '330.44', '2022-12-26 18:17:02', '2022-12-26 18:17:02'),
(14, 1, 14, 55, 'executed', '2022-12-27', '12:36:44', NULL, 'done', 'partially paid', '0', '0', '330.44', '330.44', '49.57', '380.01', '380', '0.01', '330.44', '2022-12-27 12:37:49', '2022-12-27 12:37:49'),
(15, 1, 15, 54, 'executed', '2022-12-27', '12:44:26', NULL, 'done', 'partially paid', '0', '0', '330.44', '330.44', '49.57', '380.01', '380', '0.01', '330.44', '2022-12-27 12:45:33', '2022-12-27 12:45:33'),
(16, 1, 16, 51, 'executed', '2022-12-27', '12:52:22', NULL, 'done', 'partially paid', '0', '0', '330.44', '330.44', '49.57', '380.01', '380', '0.01', '330.44', '2022-12-27 12:53:21', '2022-12-27 12:53:21'),
(17, 1, 17, 52, 'executed', '2022-12-27', '12:53:58', NULL, 'done', 'partially paid', '0', '0', '330.44', '330.44', '49.57', '380.01', '380', '0.01', '330.44', '2022-12-27 12:55:00', '2022-12-27 12:55:00'),
(18, 1, 18, 59, 'executed', '2022-12-27', '12:55:00', NULL, 'done', 'partially paid', '0', '0', '330.44', '330.44', '49.57', '380.01', '380', '0.01', '330.44', '2022-12-27 12:56:18', '2022-12-27 12:56:18'),
(19, 1, 19, 53, 'executed', '2022-12-27', '16:33:48', NULL, 'done', 'partially paid', '0', '0', '330.44', '330.44', '49.57', '380.01', '380', '0.01', '330.44', '2022-12-27 16:35:00', '2022-12-27 16:35:00'),
(20, 1, 20, 21, 'executed', '2022-12-27', '16:43:42', NULL, 'done', 'partially paid', '0', '0', '330.44', '330.44', '49.57', '380.01', '380', '0.01', '330.44', '2022-12-27 16:44:45', '2022-12-27 16:44:45'),
(21, 1, 21, 61, 'executed', '2022-12-27', '16:44:45', NULL, 'done', 'partially paid', '0', '0', '330.44', '330.44', '49.57', '380.01', '380', '0.01', '330.44', '2022-12-27 16:45:52', '2022-12-27 16:45:52'),
(22, 1, 22, 62, 'executed', '2022-12-27', '20:21:42', NULL, 'done', 'partially paid', '0', '0', '330.44', '330.44', '49.57', '380.01', '380', '0.01', '330.44', '2022-12-27 20:22:31', '2022-12-27 20:22:31'),
(23, 1, 23, 41, 'executed', '2022-12-27', '20:38:42', NULL, 'done', 'totally paid', '0', '0', '626.08', '626.08', '93.91', '719.99', '720', '-0.01', '313.04', '2022-12-27 20:39:35', '2022-12-27 20:39:35'),
(24, 1, 24, 63, 'executed', '2022-12-27', '20:40:48', NULL, 'done', 'partially paid', '0', '0', '330.44', '330.44', '49.57', '380.01', '380', '0.01', '330.44', '2022-12-27 20:42:36', '2022-12-27 20:42:36'),
(25, 1, 25, 59, 'executed', '2022-12-27', '21:32:46', NULL, 'done', 'totally paid', '0', '0', '304.34', '304.34', '45.65', '349.99', '350', '-0.01', '304.34', '2022-12-27 21:34:01', '2022-12-27 21:34:01'),
(26, 1, 26, 64, 'unexecuted', '2023-01-03', '21:37:58', 'في حالة طلب حاويه يسدد العميل 144ريال مصاريف مردم عن كل حاوية', 'done', 'totally paid', '0', '0', '400', '400', '60', '460', '460', '0', '200', '2022-12-27 21:46:59', '2022-12-27 21:46:59'),
(27, 1, 27, 65, 'executed', '2022-12-28', '16:44:23', NULL, 'done', 'partially paid', '0', '0', '330.44', '330.44', '49.57', '380.01', '380', '0.01', '330.44', '2022-12-28 16:46:03', '2022-12-28 16:46:03'),
(28, 1, 28, 66, 'executed', '2022-12-28', '16:46:04', NULL, 'done', 'partially paid', '0', '0', '330.44', '330.44', '49.57', '380.01', '380', '0.01', '330.44', '2022-12-28 16:47:23', '2022-12-28 16:47:23'),
(29, 1, 29, 56, 'executed', '2022-12-28', '16:47:23', NULL, 'done', 'partially paid', '0', '0', '330.44', '330.44', '49.57', '380.01', '380', '0.01', '330.44', '2022-12-28 16:48:27', '2022-12-28 16:48:27'),
(30, 1, 30, 67, 'executed', '2022-12-28', '16:48:27', NULL, 'done', 'totally paid', '0', '0', '304.35', '304.35', '45.65', '350', '350', '0', '304.35', '2022-12-28 16:50:10', '2022-12-28 16:50:10'),
(31, 1, 31, 68, 'executed', '2022-12-28', '16:50:10', NULL, 'done', 'partially paid', '0', '0', '330.44', '330.44', '49.57', '380.01', '380', '0.01', '330.44', '2022-12-28 16:51:05', '2022-12-28 16:51:05'),
(32, 1, 32, 69, 'executed', '2022-12-28', '16:52:36', NULL, 'done', 'totally paid', '0', '0', '304.35', '304.35', '45.65', '350', '350', '0', '304.35', '2022-12-28 16:54:04', '2022-12-28 16:54:04'),
(33, 1, 33, 41, 'executed', '2022-12-28', '16:58:38', NULL, 'done', 'totally paid', '0', '0', '313.04', '313.04', '46.96', '360', '360', '0', '313.044', '2022-12-28 16:59:43', '2022-12-28 16:59:43'),
(34, 1, 34, 70, 'executed', '2022-12-28', '18:50:12', NULL, 'done', 'partially paid', '0', '0', '330.44', '330.44', '49.57', '380.01', '380', '0.01', '330.44', '2022-12-28 18:51:09', '2022-12-28 18:51:09'),
(35, 1, 35, 72, 'executed', '2022-12-28', '19:47:54', NULL, 'done', 'partially paid', '0', '0', '660.88', '660.88', '99.13', '760.01', '760', '0.01', '330.44', '2022-12-28 19:49:19', '2022-12-28 19:49:19'),
(36, 1, 36, 68, 'executed', '2022-12-29', '17:20:03', NULL, 'done', 'partially paid', '0', '0', '330.44', '330.44', '49.57', '380.01', '380', '0.01', '330.44', '2022-12-29 17:27:17', '2022-12-29 17:27:17'),
(37, 1, 37, 61, 'executed', '2022-12-29', '17:29:59', NULL, 'done', 'partially paid', '0', '0', '660.88', '660.88', '99.13', '760.01', '760', '0.01', '330.44', '2022-12-29 17:30:50', '2022-12-29 17:30:50'),
(38, 1, 38, 73, 'executed', '2022-12-29', '17:33:10', NULL, 'done', 'partially paid', '0', '0', '330.44', '330.44', '49.57', '380.01', '380', '0.01', '330.44', '2022-12-29 17:34:22', '2022-12-29 17:34:22'),
(39, 1, 39, 72, 'executed', '2022-12-29', '17:39:14', NULL, 'done', 'partially paid', '0', '0', '330.44', '330.44', '49.57', '380.01', '380', '0.01', '330.44', '2022-12-29 17:40:54', '2022-12-29 17:40:54'),
(40, 1, 40, 75, 'executed', '2022-12-29', '18:36:58', NULL, 'done', 'partially paid', '0', '0', '322', '322', '48.3', '370.3', '370', '0.3', '322', '2022-12-29 18:38:03', '2022-12-29 18:38:03'),
(41, 1, 41, 76, 'unexecuted', '2022-12-29', '18:44:56', NULL, 'done', 'totally paid', '0', '0', '400', '400', '60', '460', '460', '0', '200', '2022-12-29 18:47:25', '2022-12-29 18:47:25'),
(42, 1, 42, 77, 'executed', '2022-12-29', '18:50:17', NULL, 'done', 'partially paid', '0', '0', '330.44', '330.44', '49.57', '380.01', '380', '0.01', '330.44', '2022-12-29 18:51:22', '2022-12-29 18:51:22'),
(43, 1, 43, 14, 'executed', '2022-12-31', '07:15:13', NULL, 'done', 'totally paid', '0', '0', '400', '400', '60', '460', '460', '0', '200', '2022-12-31 05:16:14', '2022-12-31 05:16:14');

-- --------------------------------------------------------

--
-- Table structure for table `bill_containers`
--

CREATE TABLE `bill_containers` (
  `id` int(11) NOT NULL,
  `bill_id` int(11) NOT NULL,
  `contract_id` int(11) NOT NULL,
  `container_id` int(11) NOT NULL,
  `amount` varchar(255) NOT NULL,
  `tax` varchar(255) NOT NULL,
  `total_amount` varchar(255) NOT NULL,
  `delivery_date` date NOT NULL,
  `receipt_date` date DEFAULT NULL,
  `created_at` timestamp NOT NULL DEFAULT current_timestamp(),
  `updated_at` timestamp NOT NULL DEFAULT current_timestamp()
) ENGINE=InnoDB DEFAULT CHARSET=utf8mb4;

--
-- Dumping data for table `bill_containers`
--

INSERT INTO `bill_containers` (`id`, `bill_id`, `contract_id`, `container_id`, `amount`, `tax`, `total_amount`, `delivery_date`, `receipt_date`, `created_at`, `updated_at`) VALUES
(1, 1, 1, 7, '200', '30', '230', '2022-12-24', '2022-12-24', '2022-12-24 18:14:08', '2022-12-24 18:14:08'),
(2, 1, 1, 8, '200', '30', '230', '2022-12-24', '2022-12-24', '2022-12-24 18:14:08', '2022-12-24 18:14:08'),
(3, 2, 2, 13, '330.43', '49.56', '379.99', '2022-12-25', '2022-12-30', '2022-12-25 21:05:01', '2022-12-25 21:05:01'),
(4, 3, 3, 15, '313.04', '46.96', '360', '2022-12-25', '2022-12-31', '2022-12-25 21:37:22', '2022-12-25 21:37:22'),
(5, 3, 3, 40, '313.04', '46.96', '360', '2022-12-25', '2022-12-31', '2022-12-25 21:37:22', '2022-12-25 21:37:22'),
(6, 4, 4, 9, '330.44', '49.57', '380.01', '2022-12-25', '2022-12-25', '2022-12-25 21:51:04', '2022-12-25 21:51:04'),
(7, 6, 6, 63, '330.44', '49.57', '380.01', '2022-12-26', '2023-01-01', '2022-12-26 17:08:50', '2022-12-26 17:08:50'),
(8, 7, 7, 25, '330.44', '49.57', '380.01', '2022-12-26', '2023-01-02', '2022-12-26 17:12:33', '2022-12-26 17:12:33'),
(9, 8, 8, 61, '313.04', '46.96', '360', '2022-12-26', '2023-01-01', '2022-12-26 17:23:14', '2022-12-26 17:23:14'),
(10, 8, 8, 67, '313.04', '46.96', '360', '2022-12-26', '2023-01-01', '2022-12-26 17:23:14', '2022-12-26 17:23:14'),
(11, 8, 8, 68, '313.04', '46.96', '360', '2022-12-26', '2023-01-01', '2022-12-26 17:23:14', '2022-12-26 17:23:14'),
(12, 9, 9, 16, '330.44', '49.57', '380.01', '2022-12-26', '2023-01-01', '2022-12-26 18:01:48', '2022-12-26 18:01:48'),
(13, 10, 10, 69, '330.44', '49.57', '380.01', '2022-12-26', '2022-12-26', '2022-12-26 18:09:47', '2022-12-26 18:09:47'),
(14, 11, 11, 12, '330.44', '49.57', '380.01', '2022-12-26', '2023-01-01', '2022-12-26 18:12:42', '2022-12-26 18:12:42'),
(15, 12, 12, 38, '330.44', '49.57', '380.01', '2022-12-26', '2023-01-01', '2022-12-26 18:14:58', '2022-12-26 18:14:58'),
(16, 13, 13, 42, '330.44', '49.57', '380.01', '2022-12-26', '2023-01-01', '2022-12-26 18:17:02', '2022-12-26 18:17:02'),
(17, 14, 14, 22, '330.44', '49.57', '380.01', '2022-12-27', '2023-01-02', '2022-12-27 12:37:49', '2022-12-27 12:37:49'),
(18, 15, 15, 33, '330.44', '49.57', '380.01', '2022-12-27', '2023-01-02', '2022-12-27 12:45:33', '2022-12-27 12:45:33'),
(19, 16, 16, 9, '330.44', '49.57', '380.01', '2022-12-27', '2023-01-02', '2022-12-27 12:53:21', '2022-12-27 12:53:21'),
(20, 17, 17, 51, '330.44', '49.57', '380.01', '2022-12-27', '2023-01-02', '2022-12-27 12:55:00', '2022-12-27 12:55:00'),
(21, 18, 18, 17, '330.44', '49.57', '380.01', '2022-12-27', '2023-01-02', '2022-12-27 12:56:18', '2022-12-27 12:56:18'),
(22, 19, 19, 52, '330.44', '49.57', '380.01', '2022-12-27', '2023-01-02', '2022-12-27 16:35:00', '2022-12-27 16:35:00'),
(23, 20, 20, 29, '330.44', '49.57', '380.01', '2022-12-27', '2023-01-02', '2022-12-27 16:44:45', '2022-12-27 16:44:45'),
(24, 21, 21, 36, '330.44', '49.57', '380.01', '2022-12-27', '2023-01-02', '2022-12-27 16:45:52', '2022-12-27 16:45:52'),
(25, 22, 22, 59, '330.44', '49.57', '380.01', '2022-12-27', '2023-01-02', '2022-12-27 20:22:31', '2022-12-27 20:22:31'),
(26, 23, 23, 67, '313.04', '46.96', '360', '2022-12-27', '2023-01-02', '2022-12-27 20:39:35', '2022-12-27 20:39:35'),
(27, 23, 23, 70, '313.04', '46.96', '360', '2022-12-27', '2023-01-02', '2022-12-27 20:39:35', '2022-12-27 20:39:35'),
(28, 24, 24, 8, '330.44', '49.57', '380.01', '2022-12-27', '2023-01-02', '2022-12-27 20:42:36', '2022-12-27 20:42:36'),
(29, 25, 25, 17, '304.34', '45.65', '349.99', '2022-12-27', '2023-01-02', '2022-12-27 21:34:01', '2022-12-27 21:34:01'),
(30, 27, 27, 21, '330.44', '49.57', '380.01', '2022-12-28', '2023-01-03', '2022-12-28 16:46:03', '2022-12-28 16:46:03'),
(31, 28, 28, 15, '330.44', '49.57', '380.01', '2022-12-28', '2023-01-03', '2022-12-28 16:47:23', '2022-12-28 16:47:23'),
(32, 29, 29, 20, '330.44', '49.57', '380.01', '2022-12-28', '2023-01-03', '2022-12-28 16:48:27', '2022-12-28 16:48:27'),
(33, 30, 30, 14, '304.35', '45.65', '350', '2022-12-28', '2023-01-03', '2022-12-28 16:50:10', '2022-12-28 16:50:10'),
(34, 31, 31, 11, '330.44', '49.57', '380.01', '2022-12-28', '2023-01-03', '2022-12-28 16:51:05', '2022-12-28 16:51:05'),
(35, 32, 32, 71, '304.35', '45.65', '350', '2022-12-28', '2023-01-03', '2022-12-28 16:54:04', '2022-12-28 16:54:04'),
(36, 33, 33, 39, '313.04', '46.96', '360', '2022-12-28', '2023-01-03', '2022-12-28 16:59:43', '2022-12-28 16:59:43'),
(37, 34, 34, 44, '330.44', '49.57', '380.01', '2022-12-28', '2023-01-03', '2022-12-28 18:51:09', '2022-12-28 18:51:09'),
(38, 35, 35, 35, '330.44', '49.57', '380.01', '2022-12-28', '2023-01-03', '2022-12-28 19:49:19', '2022-12-28 19:49:19'),
(39, 35, 35, 53, '330.44', '49.57', '380.01', '2022-12-28', '2023-01-03', '2022-12-28 19:49:19', '2022-12-28 19:49:19'),
(40, 36, 36, 37, '330.44', '49.57', '380.01', '2022-12-29', '2023-01-04', '2022-12-29 17:27:17', '2022-12-29 17:27:17'),
(41, 37, 37, 29, '330.44', '49.57', '380.01', '2022-12-29', '2023-01-04', '2022-12-29 17:30:50', '2022-12-29 17:30:50'),
(42, 37, 37, 53, '330.44', '49.57', '380.01', '2022-12-29', '2023-01-04', '2022-12-29 17:30:50', '2022-12-29 17:30:50'),
(43, 38, 38, 31, '330.44', '49.57', '380.01', '2022-12-29', '2023-01-04', '2022-12-29 17:34:22', '2022-12-29 17:34:22'),
(44, 39, 39, 36, '330.44', '49.57', '380.01', '2022-12-29', '2023-01-04', '2022-12-29 17:40:54', '2022-12-29 17:40:54'),
(45, 40, 40, 64, '322', '48.3', '370.3', '2022-12-29', '2023-01-04', '2022-12-29 18:38:03', '2022-12-29 18:38:03'),
(46, 42, 42, 41, '330.44', '49.57', '380.01', '2022-12-29', '2023-01-04', '2022-12-29 18:51:22', '2022-12-29 18:51:22'),
(47, 43, 43, 7, '200', '30', '230', '2022-12-31', '2022-12-31', '2022-12-31 05:16:14', '2022-12-31 05:16:14'),
(48, 43, 43, 10, '200', '30', '230', '2022-12-31', '2022-12-31', '2022-12-31 05:16:14', '2022-12-31 05:16:14');

-- --------------------------------------------------------

--
-- Table structure for table `companies`
--

CREATE TABLE `companies` (
  `id` int(11) NOT NULL,
  `company_name` varchar(255) NOT NULL,
  `company_owner` varchar(255) DEFAULT NULL,
  `phone_number` varchar(255) DEFAULT NULL,
  `mobile_number` varchar(255) DEFAULT NULL,
  `address` varchar(255) DEFAULT NULL,
  `tax_number` varchar(255) DEFAULT NULL,
  `commercial_record` varchar(255) DEFAULT NULL,
  `debts` varchar(255) NOT NULL DEFAULT '0',
  `created_at` timestamp NOT NULL DEFAULT current_timestamp(),
  `updated_at` timestamp NOT NULL DEFAULT current_timestamp()
) ENGINE=InnoDB DEFAULT CHARSET=utf8mb4;

--
-- Dumping data for table `companies`
--

INSERT INTO `companies` (`id`, `company_name`, `company_owner`, `phone_number`, `mobile_number`, `address`, `tax_number`, `commercial_record`, `debts`, `created_at`, `updated_at`) VALUES
(14, 'مؤسسة زهرة السماء التجاريه', NULL, '0591436380', '0591436380', 'حائل', '310059071200003', NULL, '400', '2022-07-31 17:25:55', '2022-12-31 06:36:58'),
(15, 'شركة حسين لتاجير السيارات', NULL, '0506243346', '0506243346', 'حائل', '300252657200003', NULL, '0', '2022-07-31 17:26:51', '2022-07-31 17:26:51'),
(16, 'مؤسسة المطلق لتجارة مواد البناء', NULL, '0597195208', '0597195208', 'حائل - الصناعية', '302046458300003', NULL, '0', '2022-07-31 17:27:56', '2022-10-08 11:08:04'),
(17, 'شركة مركز سماح التجاري', NULL, '0500525818', '0500525818', 'حائل - المنتزه الغربي', '300588389410003', NULL, '0', '2022-07-31 17:29:18', '2022-07-31 17:29:18'),
(18, 'موسسة المتحده للمقاولات', NULL, '0501508640', '0501508640', 'حائل', '300939794800003', NULL, '0', '2022-07-31 17:30:14', '2022-07-31 17:30:14'),
(19, 'شركة شرق دلتا السعودية المحدودة', NULL, '0569798119', '0569798119', 'حائل', '300116138600003', NULL, '0', '2022-07-31 17:31:15', '2022-07-31 17:31:15'),
(20, 'مؤسسة بناء وأمان للمقاولات', NULL, '0550797678', '0550797678', 'حائل', '302146517400003', NULL, '0', '2022-07-31 17:31:57', '2022-07-31 17:31:57'),
(21, 'شركة خضوب للتجارة والمقاولات', NULL, '0535672392', '0535672392', 'حائل', '300272457300003', NULL, '0.01', '2022-07-31 17:32:47', '2022-12-27 16:44:45'),
(22, 'شركة الصفا للأدوية والمستلزمات  الطبية', NULL, '0551725612', '0551725612', 'حائل', '300109583500003', NULL, '0', '2022-07-31 17:33:45', '2022-07-31 17:33:45'),
(23, 'شركه ابداع اللوتس للمقاولات العامة', NULL, '0500426010', '0500426010', 'حائل', '311017488500003', NULL, '0', '2022-07-31 17:35:09', '2022-07-31 17:35:09'),
(24, 'مؤسسة مريول الريان للتجارة', NULL, '0534837869', '0534837869', 'حائل', '310141661500003', NULL, '0', '2022-07-31 17:36:26', '2022-07-31 17:36:26'),
(25, 'شركة تل العمارة للمقاولات', NULL, '0565106660', '0565106660', 'حائل', '310394676500003', NULL, '0', '2022-07-31 17:37:10', '2022-07-31 17:37:10'),
(26, 'احمد صالح الحمندي', NULL, '0555227206', '0555227206', 'حائل - الزبارة', NULL, NULL, '0', '2022-07-31 17:39:06', '2022-07-31 17:39:06'),
(27, 'مؤسسة إبراهيم الربيعان', NULL, '0533500125', '0533500125', 'حائل - السمراء', NULL, NULL, '0', '2022-07-31 17:39:55', '2022-07-31 17:39:55'),
(28, 'عادل الشمري', NULL, '0555157409', '0555157409', 'حائل - الرصف', NULL, NULL, '0', '2022-07-31 17:40:39', '2022-07-31 17:40:39'),
(29, 'اصف', NULL, '0591778620', '0591778620', 'حائل - الجبل', NULL, NULL, '0', '2022-07-31 17:41:11', '2022-07-31 17:41:11'),
(30, 'محمد الحزام', NULL, '0505167910', '0505167910', 'حائل - الجامعيين', NULL, NULL, '0', '2022-07-31 17:41:48', '2022-07-31 17:41:48'),
(31, 'صالح', NULL, '0544957057', '0544957057', 'حائل - الوسيطاء', NULL, NULL, '0', '2022-07-31 17:42:25', '2022-07-31 17:42:25'),
(32, 'محل القويزان', NULL, '0506997362', '0506997362', 'حائل - الصناعية', NULL, NULL, '0', '2022-07-31 17:43:17', '2022-07-31 17:43:17'),
(33, 'مطعم عرفة دربار', NULL, '0552807117', '0552807117', 'حائل - العزيزية', NULL, NULL, '0', '2022-07-31 17:43:56', '2022-07-31 17:43:56'),
(34, 'أبو فأدب فايد', NULL, '0501816777', '0501816777', 'حائل - النقرة شارع العريفي', NULL, NULL, '0', '2022-07-31 17:45:48', '2022-07-31 17:45:48'),
(37, 'نهير مطلق', NULL, NULL, NULL, 'حائل', NULL, NULL, '0', '2022-07-31 19:00:42', '2022-07-31 19:46:40'),
(38, 'مامون محمد', NULL, '0531135511', NULL, 'النقرة', NULL, NULL, '0', '2022-08-17 19:40:20', '2022-10-08 20:08:36'),
(39, 'موبايلات العقاب', NULL, NULL, NULL, NULL, NULL, NULL, '0', '2022-12-22 09:23:26', '2022-12-22 09:23:26'),
(40, 'محطة شوشان', 'ابو تركي', '0552494881', NULL, 'دوار القربة', NULL, NULL, '-0.01', '2022-12-25 20:59:50', '2022-12-25 21:05:01'),
(41, 'شركة هندام ريفان التجارية', NULL, '0538730647', NULL, 'حائل - برزان', '311288535100003', NULL, '-0.03', '2022-12-25 21:33:17', '2022-12-27 20:39:35'),
(42, 'لوبيل', NULL, '0500891321', NULL, 'حائل - الزبارة', NULL, NULL, '0.01', '2022-12-25 21:47:41', '2022-12-25 21:51:04'),
(43, 'عبد السلام بن صالح بن راشد الجلعود', NULL, NULL, NULL, 'حائل-المروج', NULL, NULL, '0', '2022-12-26 11:26:39', '2022-12-26 11:26:39'),
(44, 'م /اصف', NULL, '0591778620', NULL, 'حائل -مخطط مكه', NULL, NULL, '0.01', '2022-12-26 17:07:00', '2022-12-26 17:08:50'),
(45, 'فهد سعدون الرشيدي', NULL, '0597088079', NULL, 'حائل', NULL, NULL, '0.01', '2022-12-26 17:10:52', '2022-12-26 17:12:33'),
(46, 'شركة هندام ريفان التجارية -الرقم الضريبي/311288535100003', NULL, '0538730647', NULL, NULL, '311288535100003', NULL, '0', '2022-12-26 17:15:33', '2022-12-26 17:15:33'),
(47, 'ضاري الشمري', NULL, '0557773696', NULL, 'حائل', NULL, NULL, '0.01', '2022-12-26 17:29:03', '2022-12-26 18:01:48'),
(48, 'احمد حسين', NULL, '0544148807', NULL, 'حائل', NULL, NULL, '0.01', '2022-12-26 17:29:37', '2022-12-26 18:09:47'),
(49, 'رخاء الله', NULL, '0502316100', NULL, 'حائل', NULL, NULL, '0.01', '2022-12-26 17:31:54', '2022-12-26 18:14:58'),
(50, 'ابو مشاري', NULL, '0504183533', NULL, 'حائل', NULL, NULL, '0.01', '2022-12-26 17:32:24', '2022-12-26 18:17:02'),
(51, 'لوبيل', NULL, '0500891321', NULL, 'حائل', NULL, NULL, '0.01', '2022-12-26 17:32:58', '2022-12-27 12:53:21'),
(52, 'رفيق الاسلام', NULL, '0502679259', NULL, 'حائل', NULL, NULL, '0.01', '2022-12-26 17:33:25', '2022-12-27 12:55:00'),
(53, 'مستوصف المهيدب', NULL, '0543309956', NULL, NULL, NULL, NULL, '0.01', '2022-12-26 17:33:57', '2022-12-27 16:35:00'),
(54, 'بندر الباتع', NULL, '0505156591', NULL, 'حائل', NULL, NULL, '0.01', '2022-12-26 17:34:44', '2022-12-27 12:45:33'),
(55, 'طارق', NULL, '0543801577', NULL, 'حائل', NULL, NULL, '0.01', '2022-12-26 17:35:11', '2022-12-27 12:37:49'),
(56, 'فرحان الشمري', NULL, '0505166808', NULL, 'حائل', NULL, NULL, '0.02', '2022-12-26 18:11:29', '2022-12-28 16:48:27'),
(57, 'بندر الباتع', NULL, '0505156591', NULL, 'حائل', NULL, NULL, '0', '2022-12-27 12:39:34', '2022-12-27 12:39:34'),
(58, 'لوبيل', NULL, '0500891321', NULL, 'حائل', NULL, NULL, '0', '2022-12-27 12:40:37', '2022-12-27 12:40:37'),
(59, 'مسار الرمال', NULL, '0591377300', NULL, 'حائل - الصناعية', NULL, NULL, '0', '2022-12-27 12:43:57', '2022-12-27 21:34:01'),
(60, 'شركة خضوب  للتجارة والمقاولات', NULL, '0570119591', NULL, NULL, '300272457300003', NULL, '0', '2022-12-27 16:42:06', '2022-12-27 16:42:06'),
(61, 'شبير باكستاني', NULL, '0594819763', NULL, 'حائل', NULL, NULL, '0.02', '2022-12-27 16:42:50', '2022-12-29 17:30:50'),
(62, 'خالد فراج الحربي', NULL, '0542208429', NULL, 'حائل', NULL, NULL, '0.01', '2022-12-27 16:43:36', '2022-12-27 20:22:31'),
(63, 'زيد الجلوي', NULL, '0556185556', NULL, 'حائل', NULL, NULL, '0.01', '2022-12-27 20:28:26', '2022-12-27 20:42:36'),
(64, 'عناد بن حميدبت نهار الشمري', NULL, '0505158674', NULL, 'حائل -حي اللقيطة', NULL, NULL, '0', '2022-12-27 21:37:54', '2022-12-27 21:37:54'),
(65, 'سعد الرشيدي', NULL, '055338330', NULL, 'حائل', NULL, NULL, '0.01', '2022-12-28 16:41:39', '2022-12-28 16:46:03'),
(66, 'انور عبد الكريم', NULL, '0555168078', NULL, 'حائل', NULL, NULL, '0.01', '2022-12-28 16:42:10', '2022-12-28 16:47:23'),
(67, 'ابو رضا المصري', NULL, '0582563661', NULL, 'حائل', NULL, NULL, '0', '2022-12-28 16:42:45', '2022-12-28 16:42:45'),
(68, 'منير محمد', NULL, '0563123297', NULL, 'حائل', NULL, NULL, '0.02', '2022-12-28 16:43:12', '2022-12-29 17:27:17'),
(69, 'محمد منيف الرميضان', NULL, '0505163253', NULL, 'حائل -التلفزيون', NULL, NULL, '0', '2022-12-28 16:43:53', '2022-12-28 16:43:53'),
(70, 'محمد الرميضان', NULL, '0555206134', NULL, 'حائل', NULL, NULL, '0.01', '2022-12-28 16:44:20', '2022-12-28 18:51:09'),
(71, 'محمد منيف الرميضان', NULL, '0505163253', NULL, 'حائل', NULL, NULL, '0', '2022-12-28 16:51:42', '2022-12-28 16:51:42'),
(72, 'مقاولات عامة لصاحبها بدر صالح عبدالله الردادي', NULL, '0508158101', NULL, 'حائل', '300940798500003', NULL, '0.02', '2022-12-28 19:47:46', '2022-12-29 17:40:54'),
(73, 'دكتور بندر الشمري', NULL, '0536661888', NULL, 'حائل', NULL, NULL, '0.01', '2022-12-29 17:31:45', '2022-12-29 17:34:22'),
(74, 'محمد فرحات', NULL, '0505504562', NULL, 'حائل', NULL, NULL, '0', '2022-12-29 18:36:54', '2022-12-29 18:36:54'),
(75, 'محمد فرحات', NULL, '0505504562', NULL, 'حائل', NULL, NULL, '0.3', '2022-12-29 18:36:54', '2022-12-29 18:38:03'),
(76, 'ناصر عبد المنعم عيسي التميمي', NULL, '0536698906', NULL, 'حائل', NULL, NULL, '0', '2022-12-29 18:44:53', '2022-12-29 18:44:53'),
(77, 'سلطان سعود زعل الشلاقي الشمري', NULL, '0563363111', NULL, 'حائل', NULL, NULL, '0.01', '2022-12-29 18:50:12', '2022-12-29 18:51:22');

-- --------------------------------------------------------

--
-- Table structure for table `containers`
--

CREATE TABLE `containers` (
  `id` int(11) NOT NULL,
  `name` varchar(255) NOT NULL,
  `measure` varchar(255) NOT NULL,
  `rent_amount` varchar(255) NOT NULL,
  `status` varchar(255) NOT NULL,
  `created_at` timestamp NOT NULL DEFAULT current_timestamp(),
  `updated_at` timestamp NOT NULL DEFAULT current_timestamp()
) ENGINE=InnoDB DEFAULT CHARSET=utf8mb4;

--
-- Dumping data for table `containers`
--

INSERT INTO `containers` (`id`, `name`, `measure`, `rent_amount`, `status`, `created_at`, `updated_at`) VALUES
(7, '5', '20', '200', 'مؤجرة', '2022-07-24 18:59:11', '2022-12-31 05:16:14'),
(8, '111', '20', '200', 'مؤجرة', '2022-07-24 18:59:34', '2022-12-27 20:42:36'),
(9, '112', '20', '200', 'مؤجرة', '2022-07-24 18:59:59', '2022-12-27 12:53:21'),
(10, '113', '20', '200', 'مؤجرة', '2022-07-24 19:00:24', '2022-12-31 05:16:14'),
(11, '114', '20', '200', 'مؤجرة', '2022-07-24 19:00:40', '2022-12-28 16:51:05'),
(12, '116', '20', '200', 'مؤجرة', '2022-07-24 19:01:00', '2022-12-26 18:12:42'),
(13, '117', '20', '200', 'مؤجرة', '2022-07-24 19:01:54', '2022-12-25 21:05:01'),
(14, '118', '20', '200', 'مؤجرة', '2022-07-24 19:02:10', '2022-12-28 16:50:10'),
(15, '119', '20', '200', 'مؤجرة', '2022-07-24 19:02:22', '2022-12-28 16:47:23'),
(16, '120', '20', '200', 'مؤجرة', '2022-07-24 19:02:33', '2022-12-26 18:01:48'),
(17, '121', '20', '200', 'مؤجرة', '2022-07-24 19:02:50', '2022-12-27 21:34:01'),
(18, '122', '20', '200', 'فارغة', '2022-07-24 19:03:09', '2022-12-25 20:28:21'),
(19, '123', '20', '200', 'فارغة', '2022-07-24 19:03:25', '2022-12-25 20:28:11'),
(20, '124', '20', '200', 'مؤجرة', '2022-07-24 19:03:48', '2022-12-28 16:48:27'),
(21, '126', '20', '200', 'مؤجرة', '2022-07-24 19:04:04', '2022-12-28 16:46:03'),
(22, '127', '20', '200', 'مؤجرة', '2022-07-24 19:04:18', '2022-12-27 12:37:49'),
(23, '128', '20', '200', 'فارغة', '2022-07-24 19:04:35', '2022-12-25 20:27:31'),
(25, '268', '20', '200', 'مؤجرة', '2022-07-24 19:05:36', '2022-12-26 17:12:33'),
(26, '312', '20', '200', 'فارغة', '2022-07-24 19:05:50', '2022-12-25 20:27:00'),
(27, '313', '20', '200', 'فارغة', '2022-07-24 19:06:01', '2022-12-25 20:26:49'),
(28, '314', '20', '200', 'مؤجرة', '2022-07-24 19:06:20', '2022-12-25 21:42:24'),
(29, '315', '20', '200', 'مؤجرة', '2022-07-24 19:06:35', '2022-12-29 17:30:50'),
(30, '316', '20', '200', 'مؤجرة', '2022-07-24 19:06:50', '2022-12-25 21:44:18'),
(31, '317', '20', '200', 'مؤجرة', '2022-07-24 19:07:04', '2022-12-29 17:34:22'),
(32, '318', '20', '200', 'فارغة', '2022-07-24 19:07:17', '2022-12-25 20:25:53'),
(33, '319', '20', '200', 'مؤجرة', '2022-07-24 19:07:32', '2022-12-27 12:45:33'),
(34, '320', '20', '200', 'مؤجرة', '2022-07-24 19:07:47', '2022-12-25 21:40:13'),
(35, '321', '20', '200', 'فارغة', '2022-07-24 19:07:59', '2022-12-29 17:39:08'),
(36, '322', '20', '200', 'مؤجرة', '2022-07-24 19:08:10', '2022-12-29 17:40:54'),
(37, '323', '20', '200', 'فارغة', '2022-07-24 19:08:40', '2022-12-29 17:36:36'),
(38, '324', '20', '200', 'مؤجرة', '2022-07-24 19:08:54', '2022-12-26 18:14:58'),
(39, '325', '20', '200', 'مؤجرة', '2022-07-24 19:09:10', '2022-12-28 16:59:43'),
(40, '326', '20', '200', 'مؤجرة', '2022-07-24 19:09:23', '2022-12-25 21:37:22'),
(41, '129', '20', '200', 'مؤجرة', '2022-07-24 19:10:01', '2022-12-29 18:51:22'),
(42, '130', '20', '200', 'مؤجرة', '2022-07-24 19:10:10', '2022-12-26 18:17:02'),
(43, '131', '20', '200', 'فارغة', '2022-07-24 19:10:23', '2022-12-25 20:23:29'),
(44, '132', '20', '200', 'مؤجرة', '2022-07-24 19:10:41', '2022-12-28 18:51:09'),
(45, '133', '20', '200', 'فارغة', '2022-07-24 19:11:10', '2022-12-25 20:22:48'),
(46, '136', '20', '200', 'فارغة', '2022-07-24 19:11:29', '2022-12-25 20:22:32'),
(47, '160', '20', '200', 'فارغة', '2022-07-24 19:11:42', '2022-12-25 20:22:21'),
(48, '261', '20', '200', 'فارغة', '2022-07-24 19:11:56', '2022-12-25 20:22:07'),
(49, '256', '20', '200', 'فارغة', '2022-07-24 19:12:08', '2022-12-25 20:21:28'),
(50, '327', '20', '200', 'فارغة', '2022-07-24 19:12:22', '2022-12-25 20:21:13'),
(51, '328', '20', '200', 'مؤجرة', '2022-07-24 19:12:35', '2022-12-27 12:55:00'),
(52, '329', '20', '200', 'مؤجرة', '2022-07-24 19:12:48', '2022-12-27 16:35:00'),
(53, '470', '20', '200', 'مؤجرة', '2022-07-24 19:13:02', '2022-12-29 17:30:50'),
(54, '471', '20', '200', 'فارغة', '2022-07-24 19:13:14', '2022-12-25 20:20:24'),
(55, '472', '20', '200', 'فارغة', '2022-07-24 19:13:26', '2022-12-25 20:20:08'),
(56, '473', '20', '200', 'فارغة', '2022-07-24 19:13:38', '2022-12-25 20:19:31'),
(57, '474', '20', '200', 'فارغة', '2022-07-24 19:13:53', '2022-12-25 20:19:19'),
(58, '475', '20', '200', 'فارغة', '2022-07-24 19:14:03', '2022-12-25 20:19:10'),
(59, '476', '20', '200', 'فارغة', '2022-07-30 18:30:48', '2022-12-27 20:33:08'),
(60, '477', '20', '200', 'فارغة', '2022-07-30 18:31:01', '2022-12-25 20:18:46'),
(61, '478', '20', '200', 'مؤجرة', '2022-07-30 18:31:19', '2022-12-26 17:23:14'),
(62, '479', '20', '200', 'فارغة', '2022-07-30 18:31:34', '2022-12-25 20:18:08'),
(63, '480', '20', '200', 'مؤجرة', '2022-07-30 18:31:47', '2022-12-26 17:08:50'),
(64, '481', '20', '200', 'مؤجرة', '2022-07-30 18:31:59', '2022-12-29 18:38:03'),
(67, '119', '20', '330.44', 'مؤجرة', '2022-12-26 17:19:22', '2022-12-27 20:39:35'),
(68, '326', '20', '330.44', 'مؤجرة', '2022-12-26 17:20:24', '2022-12-26 17:23:14'),
(69, '267', '20', '0', 'مؤجرة', '2022-12-26 18:07:42', '2022-12-26 18:09:47'),
(70, '478', '20', '200', 'مؤجرة', '2022-12-27 20:35:45', '2022-12-27 20:39:35'),
(71, '116', '20', '200', 'مؤجرة', '2022-12-28 16:52:29', '2022-12-28 16:54:04');

-- --------------------------------------------------------

--
-- Table structure for table `contracts`
--

CREATE TABLE `contracts` (
  `id` int(11) NOT NULL,
  `company_id` int(11) NOT NULL,
  `type` varchar(255) NOT NULL DEFAULT 'executed',
  `containers_number` varchar(255) NOT NULL,
  `city` varchar(255) DEFAULT NULL,
  `district` varchar(255) DEFAULT NULL,
  `street` varchar(255) DEFAULT NULL,
  `plot_number` varchar(255) DEFAULT NULL,
  `chart_number` varchar(255) DEFAULT NULL,
  `flat_construction` varchar(255) DEFAULT NULL,
  `responses_number` varchar(255) DEFAULT NULL,
  `contract_start_date` date DEFAULT NULL,
  `contract_end_date` date DEFAULT NULL,
  `status` varchar(255) NOT NULL DEFAULT 'سارى',
  `created_at` timestamp NOT NULL DEFAULT current_timestamp(),
  `updated_at` timestamp NOT NULL DEFAULT current_timestamp()
) ENGINE=InnoDB DEFAULT CHARSET=utf8mb4;

--
-- Dumping data for table `contracts`
--

INSERT INTO `contracts` (`id`, `company_id`, `type`, `containers_number`, `city`, `district`, `street`, `plot_number`, `chart_number`, `flat_construction`, `responses_number`, `contract_start_date`, `contract_end_date`, `status`, `created_at`, `updated_at`) VALUES
(1, 14, 'unexecuted', '2', NULL, NULL, NULL, NULL, NULL, NULL, '1', '2022-12-24', '2022-12-24', 'سارى', '2022-12-24 18:13:46', '2022-12-24 18:14:08'),
(2, 40, 'executed', '1', 'حائل', 'النقرة', 'طريق الملك سلمان', NULL, NULL, NULL, '1', '2022-12-25', '2022-12-30', 'سارى', '2022-12-25 21:05:01', '2022-12-25 21:05:01'),
(3, 41, 'executed', '2', 'حائل', 'برزان', '15', NULL, NULL, '400', '1', '2022-12-25', '2022-12-31', 'سارى', '2022-12-25 21:37:22', '2022-12-25 21:37:22'),
(4, 42, 'executed', '1', 'حائل', 'الزبارة', '15', NULL, NULL, '200', '1', '2022-12-25', '2022-12-25', 'سارى', '2022-12-25 21:51:04', '2022-12-25 21:51:04'),
(5, 43, 'unexecuted', '4', 'حائل', 'المروج', '25', '158', '647', '800', '1', NULL, NULL, 'سارى', '2022-12-26 11:32:58', '2022-12-26 11:32:58'),
(6, 44, 'executed', '1', 'حائل', 'مخطط مكه', '15', NULL, NULL, NULL, '1', '2022-12-26', '2023-01-01', 'سارى', '2022-12-26 17:08:50', '2022-12-26 17:08:50'),
(7, 45, 'executed', '1', 'حائل', 'الجبل', '15', NULL, NULL, '200', '1', '2022-12-26', '2023-01-02', 'سارى', '2022-12-26 17:12:33', '2022-12-26 17:12:33'),
(8, 41, 'executed', '3', 'حائل', 'برزان', '15', NULL, NULL, '600', '1', '2022-12-26', '2023-01-01', 'سارى', '2022-12-26 17:23:14', '2022-12-26 17:23:14'),
(9, 47, 'executed', '1', 'حائل', 'الاوامر الساميه', '15', NULL, NULL, '200', '1', '2022-12-26', '2023-01-01', 'سارى', '2022-12-26 18:01:48', '2022-12-26 18:01:48'),
(10, 48, 'executed', '1', 'حائل', 'دوار الشمس', '15', NULL, NULL, '200', '1', '2022-12-26', '2022-12-26', 'سارى', '2022-12-26 18:09:47', '2022-12-26 18:09:47'),
(11, 56, 'executed', '1', 'حائل', 'صديان الشرقي', '15', NULL, NULL, '200', '1', '2022-12-26', '2023-01-01', 'سارى', '2022-12-26 18:12:42', '2022-12-26 18:12:42'),
(12, 49, 'executed', '1', 'حائل', 'الشبيلي', '15', NULL, NULL, '200', '1', '2022-12-26', '2023-01-01', 'سارى', '2022-12-26 18:14:58', '2022-12-26 18:14:58'),
(13, 50, 'executed', '1', 'حائل', 'الزهرة', '15', NULL, NULL, '200', '1', '2022-12-26', '2023-01-01', 'سارى', '2022-12-26 18:17:02', '2022-12-26 18:17:02'),
(14, 55, 'executed', '1', 'حائل', 'النفل', 'بيروت', NULL, NULL, '200', '1', '2022-12-27', '2023-01-02', 'سارى', '2022-12-27 12:37:49', '2022-12-27 12:37:49'),
(15, 54, 'executed', '1', 'حائل', 'الوسيطاء', '15', NULL, NULL, '200', '1', '2022-12-27', '2023-01-02', 'سارى', '2022-12-27 12:45:33', '2022-12-27 12:45:33'),
(16, 51, 'executed', '1', 'حائل', 'الزبارة', '15', NULL, NULL, '200', '1', '2022-12-27', '2023-01-02', 'سارى', '2022-12-27 12:53:21', '2022-12-27 12:53:21'),
(17, 52, 'executed', '1', 'حائل', 'الزهرة', '15', NULL, NULL, '200', '1', '2022-12-27', '2023-01-02', 'سارى', '2022-12-27 12:55:00', '2022-12-27 12:55:00'),
(18, 59, 'executed', '1', 'حائل', 'الصناعية', '15', NULL, NULL, '200', '1', '2022-12-27', '2023-01-02', 'سارى', '2022-12-27 12:56:18', '2022-12-27 12:56:18'),
(19, 53, 'executed', '1', 'حائل', 'الوسيطاء', '15', NULL, NULL, '200', '1', '2022-12-27', '2023-01-02', 'سارى', '2022-12-27 16:35:00', '2022-12-27 16:35:00'),
(20, 21, 'executed', '1', 'حائل', 'مستشفي الملك خالد', '15', NULL, NULL, '200', '1', '2022-12-27', '2023-01-02', 'سارى', '2022-12-27 16:44:45', '2022-12-27 16:44:45'),
(21, 61, 'executed', '1', 'حائل', 'صبابه', '15', NULL, NULL, '200', '1', '2022-12-27', '2023-01-02', 'سارى', '2022-12-27 16:45:52', '2022-12-27 16:45:52'),
(22, 62, 'executed', '1', 'حائل', 'صديان الغربي', '15', NULL, NULL, '200', '1', '2022-12-27', '2023-01-02', 'سارى', '2022-12-27 20:22:31', '2022-12-27 20:22:31'),
(23, 41, 'executed', '2', 'حائل', 'برزان', '15', NULL, NULL, '400', '1', '2022-12-27', '2023-01-02', 'سارى', '2022-12-27 20:39:35', '2022-12-27 20:39:35'),
(24, 63, 'executed', '1', 'حائل', 'النقرة', '15', NULL, NULL, '200', '1', '2022-12-27', '2023-01-02', 'سارى', '2022-12-27 20:42:36', '2022-12-27 20:42:36'),
(25, 59, 'executed', '1', 'حائل', 'الصناعية', '15', NULL, NULL, '200', '1', '2022-12-27', '2023-01-02', 'سارى', '2022-12-27 21:34:01', '2022-12-27 21:34:01'),
(26, 64, 'unexecuted', '2', 'حائل', 'اللقيطة', '20', '893', '2025', '400', '1', NULL, NULL, 'سارى', '2022-12-27 21:46:59', '2022-12-27 21:46:59'),
(27, 65, 'executed', '1', 'حائل', 'النقرة', '15', NULL, NULL, '200', '1', '2022-12-28', '2023-01-03', 'سارى', '2022-12-28 16:46:03', '2022-12-28 16:46:03'),
(28, 66, 'executed', '1', 'حائل', 'الزبارة', '15', NULL, NULL, '200', '1', '2022-12-28', '2023-01-03', 'سارى', '2022-12-28 16:47:23', '2022-12-28 16:47:23'),
(29, 56, 'executed', '1', 'حائل', 'صديان الشرقي', '15', NULL, NULL, '200', '1', '2022-12-28', '2023-01-03', 'سارى', '2022-12-28 16:48:27', '2022-12-28 16:48:27'),
(30, 67, 'executed', '1', 'حائل', 'صديان الشرقي', '15', NULL, NULL, '200', '1', '2022-12-28', '2023-01-03', 'سارى', '2022-12-28 16:50:10', '2022-12-28 16:50:10'),
(31, 68, 'executed', '1', 'حائل', 'المحطة', '15', NULL, NULL, '200', '1', '2022-12-28', '2023-01-03', 'سارى', '2022-12-28 16:51:05', '2022-12-28 16:51:05'),
(32, 69, 'executed', '1', 'حائل', 'التلفزيون', '15', NULL, NULL, '200', '1', '2022-12-28', '2023-01-03', 'سارى', '2022-12-28 16:54:04', '2022-12-28 16:54:04'),
(33, 41, 'executed', '1', 'حائل', 'برزان', '15', NULL, NULL, '200', '1', '2022-12-28', '2023-01-03', 'سارى', '2022-12-28 16:59:43', '2022-12-28 16:59:43'),
(34, 70, 'executed', '1', 'حائل', 'التلفزيون', '15', NULL, NULL, '200', '1', '2022-12-28', '2023-01-03', 'سارى', '2022-12-28 18:51:09', '2022-12-28 18:51:09'),
(35, 72, 'executed', '2', 'حائل', 'الزبارة', '15', NULL, NULL, '400', '1', '2022-12-28', '2023-01-03', 'سارى', '2022-12-28 19:49:19', '2022-12-28 19:49:19'),
(36, 68, 'executed', '1', 'حائل', 'المحطة', '15', NULL, NULL, '200', '1', '2022-12-29', '2023-01-04', 'سارى', '2022-12-29 17:27:17', '2022-12-29 17:27:17'),
(37, 61, 'executed', '2', 'حائل', 'صبابه', '15', NULL, NULL, '400', '1', '2022-12-29', '2023-01-04', 'سارى', '2022-12-29 17:30:50', '2022-12-29 17:30:50'),
(38, 73, 'executed', '1', 'حائل', 'الملك عبدالله', '15', NULL, NULL, '200', '1', '2022-12-29', '2023-01-04', 'سارى', '2022-12-29 17:34:22', '2022-12-29 17:34:22'),
(39, 72, 'executed', '1', 'حائل', 'الزبارة', '15', NULL, NULL, '200', '1', '2022-12-29', '2023-01-04', 'سارى', '2022-12-29 17:40:54', '2022-12-29 17:40:54'),
(40, 75, 'executed', '1', 'حائل', 'النقرة', '15', NULL, NULL, '200', '1', '2022-12-29', '2023-01-04', 'سارى', '2022-12-29 18:38:03', '2022-12-29 18:38:03'),
(41, 76, 'unexecuted', '2', 'حائل', 'الامير عبدالله بن عبد العزيز', '20', '431', '482', '400', '1', NULL, NULL, 'سارى', '2022-12-29 18:47:25', '2022-12-29 18:47:25'),
(42, 77, 'executed', '1', 'حائل', 'الزهرة', '15', NULL, NULL, '200', '1', '2022-12-29', '2023-01-04', 'سارى', '2022-12-29 18:51:22', '2022-12-29 18:51:22'),
(43, 14, 'executed', '2', NULL, NULL, NULL, NULL, NULL, NULL, '1', '2022-12-31', '2022-12-31', 'سارى', '2022-12-31 05:16:14', '2022-12-31 05:16:14');

-- --------------------------------------------------------

--
-- Table structure for table `model_has_permissions`
--

CREATE TABLE `model_has_permissions` (
  `permission_id` bigint(20) UNSIGNED NOT NULL,
  `model_type` varchar(255) COLLATE utf8mb4_unicode_ci NOT NULL,
  `model_id` bigint(20) UNSIGNED NOT NULL
) ENGINE=InnoDB DEFAULT CHARSET=utf8mb4 COLLATE=utf8mb4_unicode_ci;

-- --------------------------------------------------------

--
-- Table structure for table `model_has_roles`
--

CREATE TABLE `model_has_roles` (
  `role_id` bigint(20) UNSIGNED NOT NULL,
  `model_type` varchar(255) COLLATE utf8mb4_unicode_ci NOT NULL,
  `model_id` bigint(20) UNSIGNED NOT NULL
) ENGINE=InnoDB DEFAULT CHARSET=utf8mb4 COLLATE=utf8mb4_unicode_ci;

--
-- Dumping data for table `model_has_roles`
--

INSERT INTO `model_has_roles` (`role_id`, `model_type`, `model_id`) VALUES
(1, 'App\\Models\\Supervisor', 1);

-- --------------------------------------------------------

--
-- Table structure for table `permissions`
--

CREATE TABLE `permissions` (
  `id` bigint(20) UNSIGNED NOT NULL,
  `name` varchar(255) COLLATE utf8mb4_unicode_ci NOT NULL,
  `key` varchar(255) COLLATE utf8mb4_unicode_ci NOT NULL,
  `guard_name` varchar(255) COLLATE utf8mb4_unicode_ci NOT NULL,
  `created_at` timestamp NULL DEFAULT current_timestamp(),
  `updated_at` timestamp NULL DEFAULT current_timestamp()
) ENGINE=InnoDB DEFAULT CHARSET=utf8mb4 COLLATE=utf8mb4_unicode_ci;

--
-- Dumping data for table `permissions`
--

INSERT INTO `permissions` (`id`, `name`, `key`, `guard_name`, `created_at`, `updated_at`) VALUES
(1, 'اضافة مشرف', 'supervisor', 'supervisor-web', '2022-03-04 14:29:42', '2022-03-04 14:29:42'),
(2, 'عرض مشرف', 'supervisor', 'supervisor-web', '2022-03-04 14:29:42', '2022-03-04 14:29:42'),
(3, 'تعديل مشرف', 'supervisor', 'supervisor-web', '2022-03-04 14:29:42', '2022-03-04 14:29:42'),
(4, 'حذف مشرف', 'supervisor', 'supervisor-web', '2022-03-04 14:29:42', '2022-03-04 14:29:42'),
(5, 'اضافة صلاحية', 'privilege', 'supervisor-web', '2022-03-04 14:29:42', '2022-03-04 14:29:42'),
(6, 'عرض صلاحية', 'privilege', 'supervisor-web', '2022-03-04 14:29:42', '2022-03-04 14:29:42'),
(7, 'تعديل صلاحية', 'privilege', 'supervisor-web', '2022-03-04 14:29:42', '2022-03-04 14:29:42'),
(8, 'حذف صلاحية', 'privilege', 'supervisor-web', '2022-03-04 14:29:42', '2022-03-04 14:29:42'),
(9, 'الاعدادات العامة', 'settings', 'supervisor-web', '2022-03-17 04:28:44', '2022-03-17 04:28:44'),
(10, 'اضافة حاوية', 'container', 'supervisor-web', '2022-03-04 14:29:42', '2022-03-04 14:29:42'),
(11, 'عرض حاوية', 'container', 'supervisor-web', '2022-03-04 14:29:42', '2022-03-04 14:29:42'),
(12, 'تعديل حاوية', 'container', 'supervisor-web', '2022-03-04 14:29:42', '2022-03-04 14:29:42'),
(13, 'حذف حاوية', 'container', 'supervisor-web', '2022-03-04 14:29:42', '2022-03-04 14:29:42'),
(14, 'اضافة شركة', 'company', 'supervisor-web', '2022-03-04 14:29:42', '2022-03-04 14:29:42'),
(15, 'عرض شركة', 'company', 'supervisor-web', '2022-03-04 14:29:42', '2022-03-04 14:29:42'),
(16, 'تعديل شركة', 'company', 'supervisor-web', '2022-03-04 14:29:42', '2022-03-04 14:29:42'),
(17, 'حذف شركة', 'company', 'supervisor-web', '2022-03-04 14:29:42', '2022-03-04 14:29:42'),
(18, 'اضافة خزنة', 'safe', 'supervisor-web', '2022-03-04 14:29:42', '2022-03-04 14:29:42'),
(19, 'عرض خزنة', 'safe', 'supervisor-web', '2022-03-04 14:29:42', '2022-03-04 14:29:42'),
(20, 'تعديل خزنة', 'safe', 'supervisor-web', '2022-03-04 14:29:42', '2022-03-04 14:29:42'),
(21, 'حذف خزنة', 'safe', 'supervisor-web', '2022-03-04 14:29:42', '2022-03-04 14:29:42'),
(22, 'انشاء عقد + فاتورة', 'contarct_bill', 'supervisor-web', '2022-03-04 14:29:42', '2022-03-04 14:29:42'),
(23, 'التقارير', 'reports', 'supervisor-web', '2022-03-04 14:29:42', '2022-03-04 14:29:42'),
(24, 'اضافة سندات', 'payment', 'supervisor-web', '2022-03-04 14:29:42', '2022-03-04 14:29:42'),
(25, 'عرض سندات', 'payment', 'supervisor-web', '2022-03-04 14:29:42', '2022-03-04 14:29:42'),
(26, 'تعديل سندات', 'payment', 'supervisor-web', '2022-03-04 14:29:42', '2022-03-04 14:29:42'),
(27, 'حذف سندات', 'payment', 'supervisor-web', '2022-03-04 14:29:42', '2022-03-04 14:29:42');

-- --------------------------------------------------------

--
-- Table structure for table `receipts`
--

CREATE TABLE `receipts` (
  `id` int(11) NOT NULL,
  `bill_id` int(11) DEFAULT NULL,
  `safe_id` int(11) NOT NULL,
  `contract_id` int(11) DEFAULT NULL,
  `company_id` int(11) NOT NULL,
  `amount` varchar(255) NOT NULL,
  `notes` text DEFAULT NULL,
  `created_at` timestamp NOT NULL DEFAULT current_timestamp(),
  `updated_at` timestamp NOT NULL DEFAULT current_timestamp()
) ENGINE=InnoDB DEFAULT CHARSET=utf8mb4;

--
-- Dumping data for table `receipts`
--

INSERT INTO `receipts` (`id`, `bill_id`, `safe_id`, `contract_id`, `company_id`, `amount`, `notes`, `created_at`, `updated_at`) VALUES
(1, NULL, 1, NULL, 14, '460', NULL, '2022-12-24 18:25:47', '2022-12-24 18:25:47'),
(2, 2, 1, 2, 40, '380', NULL, '2022-12-25 21:05:01', '2022-12-25 21:05:01'),
(3, 3, 1, 3, 41, '720', NULL, '2022-12-25 21:37:22', '2022-12-25 21:37:22'),
(4, 4, 1, 4, 42, '380', NULL, '2022-12-25 21:51:04', '2022-12-25 21:51:04'),
(5, 5, 1, 5, 43, '920', NULL, '2022-12-26 11:32:58', '2022-12-26 11:32:58'),
(6, 6, 3, 6, 44, '380', NULL, '2022-12-26 17:08:50', '2022-12-26 17:08:50'),
(7, 7, 3, 7, 45, '380', NULL, '2022-12-26 17:12:33', '2022-12-26 17:12:33'),
(8, 8, 1, 8, 41, '1080', NULL, '2022-12-26 17:23:14', '2022-12-26 17:23:14'),
(9, 9, 3, 9, 47, '380', NULL, '2022-12-26 18:01:48', '2022-12-26 18:01:48'),
(10, 10, 1, 10, 48, '380', NULL, '2022-12-26 18:09:47', '2022-12-26 18:09:47'),
(11, 11, 1, 11, 56, '380', NULL, '2022-12-26 18:12:42', '2022-12-26 18:12:42'),
(12, 12, 1, 12, 49, '380', NULL, '2022-12-26 18:14:58', '2022-12-26 18:14:58'),
(13, 13, 3, 13, 50, '380', NULL, '2022-12-26 18:17:02', '2022-12-26 18:17:02'),
(14, 14, 1, 14, 55, '380', NULL, '2022-12-27 12:37:49', '2022-12-27 12:37:49'),
(15, 15, 1, 15, 54, '380', NULL, '2022-12-27 12:45:33', '2022-12-27 12:45:33'),
(16, 16, 1, 16, 51, '380', NULL, '2022-12-27 12:53:21', '2022-12-27 12:53:21'),
(17, 17, 1, 17, 52, '380', NULL, '2022-12-27 12:55:00', '2022-12-27 12:55:00'),
(18, 18, 1, 18, 59, '380', NULL, '2022-12-27 12:56:18', '2022-12-27 12:56:18'),
(19, 19, 1, 19, 53, '380', NULL, '2022-12-27 16:35:00', '2022-12-27 16:35:00'),
(20, 20, 1, 20, 21, '380', NULL, '2022-12-27 16:44:45', '2022-12-27 16:44:45'),
(21, 21, 1, 21, 61, '380', NULL, '2022-12-27 16:45:52', '2022-12-27 16:45:52'),
(22, 22, 3, 22, 62, '380', NULL, '2022-12-27 20:22:31', '2022-12-27 20:22:31'),
(23, 23, 1, 23, 41, '720', NULL, '2022-12-27 20:39:35', '2022-12-27 20:39:35'),
(24, 24, 3, 24, 63, '380', NULL, '2022-12-27 20:42:36', '2022-12-27 20:42:36'),
(25, 25, 1, 25, 59, '350', NULL, '2022-12-27 21:34:01', '2022-12-27 21:34:01'),
(26, 26, 2, 26, 64, '460', NULL, '2022-12-27 21:46:59', '2022-12-27 21:46:59'),
(27, 27, 3, 27, 65, '380', NULL, '2022-12-28 16:46:03', '2022-12-28 16:46:03'),
(28, 28, 2, 28, 66, '380', NULL, '2022-12-28 16:47:23', '2022-12-28 16:47:23'),
(29, 29, 1, 29, 56, '380', NULL, '2022-12-28 16:48:27', '2022-12-28 16:48:27'),
(30, 30, 1, 30, 67, '350', NULL, '2022-12-28 16:50:10', '2022-12-28 16:50:10'),
(31, 31, 1, 31, 68, '380', NULL, '2022-12-28 16:51:05', '2022-12-28 16:51:05'),
(32, 32, 3, 32, 69, '350', NULL, '2022-12-28 16:54:04', '2022-12-28 16:54:04'),
(33, 33, 1, 33, 41, '360', NULL, '2022-12-28 16:59:43', '2022-12-28 16:59:43'),
(34, 34, 1, 34, 70, '380', NULL, '2022-12-28 18:51:09', '2022-12-28 18:51:09'),
(35, 35, 3, 35, 72, '760', NULL, '2022-12-28 19:49:19', '2022-12-28 19:49:19'),
(36, 36, 1, 36, 68, '380', NULL, '2022-12-29 17:27:17', '2022-12-29 17:27:17'),
(37, 37, 1, 37, 61, '760', NULL, '2022-12-29 17:30:50', '2022-12-29 17:30:50'),
(38, 38, 1, 38, 73, '380', NULL, '2022-12-29 17:34:22', '2022-12-29 17:34:22'),
(39, 39, 3, 39, 72, '380', NULL, '2022-12-29 17:40:54', '2022-12-29 17:40:54'),
(40, 40, 1, 40, 75, '370', NULL, '2022-12-29 18:38:03', '2022-12-29 18:38:03'),
(41, 41, 3, 41, 76, '460', NULL, '2022-12-29 18:47:25', '2022-12-29 18:47:25'),
(42, 42, 3, 42, 77, '380', NULL, '2022-12-29 18:51:22', '2022-12-29 18:51:22'),
(43, 43, 1, 43, 14, '460', NULL, '2022-12-31 05:16:14', '2022-12-31 05:16:14'),
(44, NULL, 1, NULL, 14, '100', NULL, '2022-12-31 05:18:33', '2022-12-31 05:18:33');

-- --------------------------------------------------------

--
-- Table structure for table `roles`
--

CREATE TABLE `roles` (
  `id` bigint(20) UNSIGNED NOT NULL,
  `name` varchar(255) COLLATE utf8mb4_unicode_ci NOT NULL,
  `guard_name` varchar(255) COLLATE utf8mb4_unicode_ci NOT NULL,
  `created_at` timestamp NULL DEFAULT NULL,
  `updated_at` timestamp NULL DEFAULT NULL
) ENGINE=InnoDB DEFAULT CHARSET=utf8mb4 COLLATE=utf8mb4_unicode_ci;

--
-- Dumping data for table `roles`
--

INSERT INTO `roles` (`id`, `name`, `guard_name`, `created_at`, `updated_at`) VALUES
(1, 'مدير النظام', 'supervisor-web', '2021-08-23 01:40:49', '2021-08-23 01:40:49');

-- --------------------------------------------------------

--
-- Table structure for table `role_has_permissions`
--

CREATE TABLE `role_has_permissions` (
  `permission_id` bigint(20) UNSIGNED NOT NULL,
  `role_id` bigint(20) UNSIGNED NOT NULL
) ENGINE=InnoDB DEFAULT CHARSET=utf8mb4 COLLATE=utf8mb4_unicode_ci;

--
-- Dumping data for table `role_has_permissions`
--

INSERT INTO `role_has_permissions` (`permission_id`, `role_id`) VALUES
(1, 1),
(2, 1),
(3, 1),
(4, 1),
(5, 1),
(6, 1),
(7, 1),
(8, 1),
(9, 1),
(10, 1),
(11, 1),
(12, 1),
(13, 1),
(14, 1),
(15, 1),
(16, 1),
(17, 1),
(18, 1),
(19, 1),
(20, 1),
(21, 1),
(22, 1),
(23, 1),
(24, 1),
(25, 1),
(26, 1),
(27, 1);

-- --------------------------------------------------------

--
-- Table structure for table `safes`
--

CREATE TABLE `safes` (
  `id` int(11) NOT NULL,
  `safe_name` varchar(255) NOT NULL,
  `balance` varchar(255) NOT NULL,
  `type` varchar(255) NOT NULL,
  `created_at` timestamp NOT NULL DEFAULT current_timestamp(),
  `updated_at` timestamp NOT NULL DEFAULT current_timestamp()
) ENGINE=InnoDB DEFAULT CHARSET=utf8mb4;

--
-- Dumping data for table `safes`
--

INSERT INTO `safes` (`id`, `safe_name`, `balance`, `type`, `created_at`, `updated_at`) VALUES
(1, 'صندوق', '13090', 'خزنة', '2022-07-01 02:16:02', '2022-12-31 06:36:58'),
(2, 'شبكة الراجحي', '840', 'بنك', '2022-07-05 14:18:36', '2022-12-28 16:47:23'),
(3, 'تحويل الراجحي', '4990', 'بنك', '2022-07-31 18:41:59', '2022-12-29 18:51:22');

-- --------------------------------------------------------

--
-- Table structure for table `settings`
--

CREATE TABLE `settings` (
  `id` int(11) NOT NULL,
  `company_name` varchar(255) NOT NULL,
  `company_name_en` varchar(255) NOT NULL,
  `address` varchar(255) NOT NULL,
  `tax_number` varchar(255) NOT NULL,
  `commercial_record` varchar(255) NOT NULL,
  `phone_number` varchar(255) NOT NULL,
  `created_at` timestamp NOT NULL DEFAULT current_timestamp(),
  `updated_at` timestamp NOT NULL DEFAULT current_timestamp()
) ENGINE=InnoDB DEFAULT CHARSET=utf8mb4;

--
-- Dumping data for table `settings`
--

INSERT INTO `settings` (`id`, `company_name`, `company_name_en`, `address`, `tax_number`, `commercial_record`, `phone_number`, `created_at`, `updated_at`) VALUES
(1, 'مؤسسة ركن التاج للحاويات ونقل المخلفات', 'Rokn Altaj Commercial', 'حائل - شارع الملك فيصل', '302046459500003', '3350023358', '0505515028', '2022-03-17 03:44:18', '2022-07-31 18:42:16');

-- --------------------------------------------------------

--
-- Table structure for table `supervisors`
--

CREATE TABLE `supervisors` (
  `id` bigint(20) UNSIGNED NOT NULL,
  `name` varchar(255) COLLATE utf8mb4_unicode_ci NOT NULL,
  `email` varchar(191) COLLATE utf8mb4_unicode_ci NOT NULL,
  `phone_number` varchar(55) COLLATE utf8mb4_unicode_ci DEFAULT NULL,
  `profile_pic` text COLLATE utf8mb4_unicode_ci DEFAULT NULL,
  `email_verified_at` timestamp NULL DEFAULT NULL,
  `password` varchar(255) COLLATE utf8mb4_unicode_ci NOT NULL,
  `role_name` varchar(255) COLLATE utf8mb4_unicode_ci NOT NULL,
  `Status` varchar(255) COLLATE utf8mb4_unicode_ci NOT NULL DEFAULT 'active',
  `api_token` varchar(80) COLLATE utf8mb4_unicode_ci DEFAULT NULL,
  `remember_token` varchar(100) COLLATE utf8mb4_unicode_ci DEFAULT NULL,
  `created_at` timestamp NULL DEFAULT NULL,
  `updated_at` timestamp NULL DEFAULT NULL
) ENGINE=InnoDB DEFAULT CHARSET=utf8mb4 COLLATE=utf8mb4_unicode_ci;

--
-- Dumping data for table `supervisors`
--

INSERT INTO `supervisors` (`id`, `name`, `email`, `phone_number`, `profile_pic`, `email_verified_at`, `password`, `role_name`, `Status`, `api_token`, `remember_token`, `created_at`, `updated_at`) VALUES
(1, 'Abdou Shawer', 'abdousaied65@gmail.com', '01092716796', 'uploads/profiles/supervisors/1/untitiled.jpg', '2021-08-23 01:40:49', '$2y$10$dK/yuBtdM5v4HqY2cahsAeUMITwHRgS8E4gYxDBm3EpJ3rrWcyKUW', 'مدير النظام', 'active', NULL, 'ue9FHMmzHTgFmQIeOzZJRNQV4ZYeYozPYPCP9ZaHsrUSGIzbKdZANBPFawoj', '2021-08-23 01:40:49', '2022-12-15 02:17:04');

-- --------------------------------------------------------

--
-- Table structure for table `supervisor_password_resets`
--

CREATE TABLE `supervisor_password_resets` (
  `email` varchar(255) COLLATE utf8mb4_unicode_ci NOT NULL,
  `token` varchar(255) COLLATE utf8mb4_unicode_ci NOT NULL,
  `created_at` timestamp NULL DEFAULT NULL
) ENGINE=InnoDB DEFAULT CHARSET=utf8mb4 COLLATE=utf8mb4_unicode_ci;

--
-- Dumping data for table `supervisor_password_resets`
--

INSERT INTO `supervisor_password_resets` (`email`, `token`, `created_at`) VALUES
('abdousaied65@gmail.com', '$2y$10$sZ4fbZzvzjL5Tv1floJs/uU86Rk7ynEZnXb0gha88xpwvskluqZoq', '2022-12-26 13:16:43');

-- --------------------------------------------------------

--
-- Table structure for table `terms`
--

CREATE TABLE `terms` (
  `id` int(11) NOT NULL,
  `term` text NOT NULL,
  `created_at` timestamp NOT NULL DEFAULT current_timestamp(),
  `updated_at` timestamp NOT NULL DEFAULT current_timestamp()
) ENGINE=InnoDB DEFAULT CHARSET=utf8mb4;

--
-- Dumping data for table `terms`
--

INSERT INTO `terms` (`id`, `term`, `created_at`, `updated_at`) VALUES
(1, 'مدة بقاء الحاوية في الموقع أربع أيام وذلك من نزولها سواء امتلأت أو لم تمتلئ .', '2022-12-30 07:35:28', '2022-12-30 07:35:28'),
(2, 'في حالة امتلائها الاتصال على الرقم : 0505515028 .', '2022-12-30 07:42:19', '2022-12-30 07:42:19'),
(3, 'المبلغ المدفوع يعتبر لكل رد واحد للحاوية الواحدة', '2022-12-30 07:42:30', '2022-12-30 07:42:30'),
(4, 'الحمولة تكون مستوى الحاوية من أعلى وعدم زيادة الحمولة', '2022-12-30 07:42:41', '2022-12-30 07:42:41'),
(5, 'في حالة إتلاف أو ضرر الحاوية من الطرف الثاني يقوم بإصالحها', '2022-12-30 07:42:50', '2022-12-30 07:42:50'),
(6, 'نزول الحاوية في موقع واحد فقط وعدم نقلها إلى موقع أخر', '2022-12-30 07:43:00', '2022-12-30 07:43:00'),
(7, 'المبلغ المدفوع لا يسترد بعد استخراج الترخيص', '2022-12-30 07:43:11', '2022-12-30 07:43:11'),
(8, 'على الطرف الثاني سداد رسوم المكب قبل طلب الحاوية', '2022-12-30 07:43:21', '2022-12-30 07:43:21');

-- --------------------------------------------------------

--
-- Table structure for table `vouchers`
--

CREATE TABLE `vouchers` (
  `id` int(11) NOT NULL,
  `bill_id` int(11) DEFAULT NULL,
  `safe_id` int(11) NOT NULL,
  `contract_id` int(11) DEFAULT NULL,
  `company_id` int(11) NOT NULL,
  `amount` varchar(255) NOT NULL,
  `notes` text DEFAULT NULL,
  `created_at` timestamp NOT NULL DEFAULT current_timestamp(),
  `updated_at` timestamp NOT NULL DEFAULT current_timestamp()
) ENGINE=InnoDB DEFAULT CHARSET=utf8mb4;

--
-- Dumping data for table `vouchers`
--

INSERT INTO `vouchers` (`id`, `bill_id`, `safe_id`, `contract_id`, `company_id`, `amount`, `notes`, `created_at`, `updated_at`) VALUES
(45, NULL, 1, NULL, 14, '400', NULL, '2022-12-31 06:36:58', '2022-12-31 06:36:58');

--
-- Indexes for dumped tables
--

--
-- Indexes for table `bills`
--
ALTER TABLE `bills`
  ADD PRIMARY KEY (`id`),
  ADD KEY `company_id_2` (`company_id`),
  ADD KEY `supervisor_id` (`supervisor_id`),
  ADD KEY `contract_id` (`contract_id`);

--
-- Indexes for table `bill_containers`
--
ALTER TABLE `bill_containers`
  ADD PRIMARY KEY (`id`),
  ADD KEY `bill_id_90` (`bill_id`),
  ADD KEY `contract_id_90` (`contract_id`),
  ADD KEY `container_id_90` (`container_id`);

--
-- Indexes for table `companies`
--
ALTER TABLE `companies`
  ADD PRIMARY KEY (`id`);

--
-- Indexes for table `containers`
--
ALTER TABLE `containers`
  ADD PRIMARY KEY (`id`);

--
-- Indexes for table `contracts`
--
ALTER TABLE `contracts`
  ADD PRIMARY KEY (`id`),
  ADD KEY `company_id` (`company_id`);

--
-- Indexes for table `model_has_permissions`
--
ALTER TABLE `model_has_permissions`
  ADD PRIMARY KEY (`permission_id`,`model_id`,`model_type`),
  ADD KEY `model_has_permissions_model_id_model_type_index` (`model_id`,`model_type`);

--
-- Indexes for table `model_has_roles`
--
ALTER TABLE `model_has_roles`
  ADD PRIMARY KEY (`role_id`,`model_id`,`model_type`),
  ADD KEY `model_has_roles_model_id_model_type_index` (`model_id`,`model_type`);

--
-- Indexes for table `permissions`
--
ALTER TABLE `permissions`
  ADD PRIMARY KEY (`id`);

--
-- Indexes for table `receipts`
--
ALTER TABLE `receipts`
  ADD PRIMARY KEY (`id`),
  ADD KEY `bill_id` (`bill_id`),
  ADD KEY `safe_id` (`safe_id`),
  ADD KEY `contract_id_2` (`contract_id`),
  ADD KEY `company_id_10` (`company_id`);

--
-- Indexes for table `roles`
--
ALTER TABLE `roles`
  ADD PRIMARY KEY (`id`);

--
-- Indexes for table `role_has_permissions`
--
ALTER TABLE `role_has_permissions`
  ADD PRIMARY KEY (`permission_id`,`role_id`),
  ADD KEY `role_has_permissions_role_id_foreign` (`role_id`);

--
-- Indexes for table `safes`
--
ALTER TABLE `safes`
  ADD PRIMARY KEY (`id`);

--
-- Indexes for table `settings`
--
ALTER TABLE `settings`
  ADD PRIMARY KEY (`id`);

--
-- Indexes for table `supervisors`
--
ALTER TABLE `supervisors`
  ADD PRIMARY KEY (`id`),
  ADD UNIQUE KEY `admins_email_unique` (`email`),
  ADD UNIQUE KEY `admins_api_token_unique` (`api_token`);

--
-- Indexes for table `supervisor_password_resets`
--
ALTER TABLE `supervisor_password_resets`
  ADD KEY `admin_password_resets_email_index` (`email`);

--
-- Indexes for table `terms`
--
ALTER TABLE `terms`
  ADD PRIMARY KEY (`id`);

--
-- Indexes for table `vouchers`
--
ALTER TABLE `vouchers`
  ADD PRIMARY KEY (`id`),
  ADD KEY `bill_id_200` (`bill_id`),
  ADD KEY `safe_id_200` (`safe_id`),
  ADD KEY `contract_id_200` (`contract_id`),
  ADD KEY `company_id_200` (`company_id`);

--
-- AUTO_INCREMENT for dumped tables
--

--
-- AUTO_INCREMENT for table `bills`
--
ALTER TABLE `bills`
  MODIFY `id` int(11) NOT NULL AUTO_INCREMENT, AUTO_INCREMENT=44;

--
-- AUTO_INCREMENT for table `bill_containers`
--
ALTER TABLE `bill_containers`
  MODIFY `id` int(11) NOT NULL AUTO_INCREMENT, AUTO_INCREMENT=49;

--
-- AUTO_INCREMENT for table `companies`
--
ALTER TABLE `companies`
  MODIFY `id` int(11) NOT NULL AUTO_INCREMENT, AUTO_INCREMENT=78;

--
-- AUTO_INCREMENT for table `containers`
--
ALTER TABLE `containers`
  MODIFY `id` int(11) NOT NULL AUTO_INCREMENT, AUTO_INCREMENT=72;

--
-- AUTO_INCREMENT for table `contracts`
--
ALTER TABLE `contracts`
  MODIFY `id` int(11) NOT NULL AUTO_INCREMENT, AUTO_INCREMENT=44;

--
-- AUTO_INCREMENT for table `permissions`
--
ALTER TABLE `permissions`
  MODIFY `id` bigint(20) UNSIGNED NOT NULL AUTO_INCREMENT, AUTO_INCREMENT=28;

--
-- AUTO_INCREMENT for table `receipts`
--
ALTER TABLE `receipts`
  MODIFY `id` int(11) NOT NULL AUTO_INCREMENT, AUTO_INCREMENT=45;

--
-- AUTO_INCREMENT for table `roles`
--
ALTER TABLE `roles`
  MODIFY `id` bigint(20) UNSIGNED NOT NULL AUTO_INCREMENT, AUTO_INCREMENT=2;

--
-- AUTO_INCREMENT for table `safes`
--
ALTER TABLE `safes`
  MODIFY `id` int(11) NOT NULL AUTO_INCREMENT, AUTO_INCREMENT=4;

--
-- AUTO_INCREMENT for table `settings`
--
ALTER TABLE `settings`
  MODIFY `id` int(11) NOT NULL AUTO_INCREMENT, AUTO_INCREMENT=2;

--
-- AUTO_INCREMENT for table `supervisors`
--
ALTER TABLE `supervisors`
  MODIFY `id` bigint(20) UNSIGNED NOT NULL AUTO_INCREMENT, AUTO_INCREMENT=2;

--
-- AUTO_INCREMENT for table `terms`
--
ALTER TABLE `terms`
  MODIFY `id` int(11) NOT NULL AUTO_INCREMENT, AUTO_INCREMENT=9;

--
-- AUTO_INCREMENT for table `vouchers`
--
ALTER TABLE `vouchers`
  MODIFY `id` int(11) NOT NULL AUTO_INCREMENT, AUTO_INCREMENT=46;

--
-- Constraints for dumped tables
--

--
-- Constraints for table `bills`
--
ALTER TABLE `bills`
  ADD CONSTRAINT `company_id_2` FOREIGN KEY (`company_id`) REFERENCES `companies` (`id`) ON DELETE CASCADE ON UPDATE CASCADE,
  ADD CONSTRAINT `contract_id` FOREIGN KEY (`contract_id`) REFERENCES `contracts` (`id`) ON DELETE CASCADE ON UPDATE CASCADE,
  ADD CONSTRAINT `supervisor_id` FOREIGN KEY (`supervisor_id`) REFERENCES `supervisors` (`id`) ON DELETE CASCADE ON UPDATE CASCADE;

--
-- Constraints for table `bill_containers`
--
ALTER TABLE `bill_containers`
  ADD CONSTRAINT `bill_id_90` FOREIGN KEY (`bill_id`) REFERENCES `bills` (`id`) ON DELETE CASCADE ON UPDATE CASCADE,
  ADD CONSTRAINT `container_id_90` FOREIGN KEY (`container_id`) REFERENCES `containers` (`id`) ON DELETE CASCADE ON UPDATE CASCADE,
  ADD CONSTRAINT `contract_id_90` FOREIGN KEY (`contract_id`) REFERENCES `contracts` (`id`) ON DELETE CASCADE ON UPDATE CASCADE;

--
-- Constraints for table `contracts`
--
ALTER TABLE `contracts`
  ADD CONSTRAINT `company_id` FOREIGN KEY (`company_id`) REFERENCES `companies` (`id`) ON DELETE CASCADE ON UPDATE CASCADE;

--
-- Constraints for table `model_has_permissions`
--
ALTER TABLE `model_has_permissions`
  ADD CONSTRAINT `model_has_permissions_permission_id_foreign` FOREIGN KEY (`permission_id`) REFERENCES `permissions` (`id`) ON DELETE CASCADE ON UPDATE CASCADE;

--
-- Constraints for table `model_has_roles`
--
ALTER TABLE `model_has_roles`
  ADD CONSTRAINT `model_has_roles_role_id_foreign` FOREIGN KEY (`role_id`) REFERENCES `roles` (`id`) ON DELETE CASCADE;

--
-- Constraints for table `receipts`
--
ALTER TABLE `receipts`
  ADD CONSTRAINT `bill_id` FOREIGN KEY (`bill_id`) REFERENCES `bills` (`id`) ON DELETE CASCADE ON UPDATE CASCADE,
  ADD CONSTRAINT `company_id_10` FOREIGN KEY (`company_id`) REFERENCES `companies` (`id`) ON DELETE CASCADE ON UPDATE CASCADE,
  ADD CONSTRAINT `contract_id_2` FOREIGN KEY (`contract_id`) REFERENCES `contracts` (`id`) ON DELETE CASCADE ON UPDATE CASCADE,
  ADD CONSTRAINT `safe_id` FOREIGN KEY (`safe_id`) REFERENCES `safes` (`id`) ON DELETE CASCADE ON UPDATE CASCADE;

--
-- Constraints for table `role_has_permissions`
--
ALTER TABLE `role_has_permissions`
  ADD CONSTRAINT `role_has_permissions_permission_id_foreign` FOREIGN KEY (`permission_id`) REFERENCES `permissions` (`id`) ON DELETE CASCADE,
  ADD CONSTRAINT `role_has_permissions_role_id_foreign` FOREIGN KEY (`role_id`) REFERENCES `roles` (`id`) ON DELETE CASCADE;

--
-- Constraints for table `vouchers`
--
ALTER TABLE `vouchers`
  ADD CONSTRAINT `bill_id_200` FOREIGN KEY (`bill_id`) REFERENCES `bills` (`id`) ON DELETE CASCADE ON UPDATE CASCADE,
  ADD CONSTRAINT `company_id_200` FOREIGN KEY (`company_id`) REFERENCES `companies` (`id`) ON DELETE CASCADE ON UPDATE CASCADE,
  ADD CONSTRAINT `contract_id_200` FOREIGN KEY (`contract_id`) REFERENCES `contracts` (`id`) ON DELETE CASCADE ON UPDATE CASCADE,
  ADD CONSTRAINT `safe_id_200` FOREIGN KEY (`safe_id`) REFERENCES `safes` (`id`) ON DELETE CASCADE ON UPDATE CASCADE;
COMMIT;

/*!40101 SET CHARACTER_SET_CLIENT=@OLD_CHARACTER_SET_CLIENT */;
/*!40101 SET CHARACTER_SET_RESULTS=@OLD_CHARACTER_SET_RESULTS */;
/*!40101 SET COLLATION_CONNECTION=@OLD_COLLATION_CONNECTION */;
